{"0": 0.00903714600171314, "1": 0.017272264171598623, "2": 0.013444715376433443, "3": 0.01458050653961865, "4": 0.009586970486526378, "5": 0.00823391844760804, "6": 0.013007758657392076, "7": 0.012032300121754928, "8": 0.012508373526832681, "9": 0.014019677329634049, "10": 0.012637293765783786, "11": 0.008850799651881057, "12": 0.01262031770128243, "13": 0.01489764005103208, "14": 0.006402198071370274, "15": 0.01296967684798407, "16": 0.008686219381981974, "17": 0.0058524683066502586, "18": 0.01797650268800938, "19": 0.013311018658932841, "20": 0.010405689551569095, "21": 0.009638124206624297, "22": 0.008558098032540437, "23": 0.00916298595406396, "24": 0.011462415029280106, "25": 0.013594009690835827, "26": 0.011896377096617918, "27": 0.006998249878444326, "28": 0.006911337155422973, "29": 0.006506388200618151, "30": 0.01050043745636963, "31": 0.011707375017431187, "32": 0.007198171209353303, "33": 0.012473385533874778, "34": 0.009876051909338735, "35": 0.010627626624741907, "36": 0.006278558913054275, "37": 0.004154509844938958, "38": 0.008021974196820159, "39": 0.007942243703918057, "40": 0.008964685836047356, "41": 0.004229585672138169, "42": 0.010881873204904741, "43": 0.00910270185801467, "44": 0.009293632293447223, "45": 0.008185966365715298, "46": 0.0059313552697164585, "47": 0.012175480640409924, "48": 0.010605737925396725, "49": 0.010982129259254615, "50": 0.009886055546557759, "51": 0.012323031257753109, "52": 0.0105808264844048, "53": 0.010874279382334665, "54": 0.009659898190899645, "55": 0.010585770385949215, "56": 0.007050128740439962, "57": 0.012835875347650308, "58": 0.006968034067124354, "59": 0.009866685842731553, "60": 0.006467999565569665, "61": 0.009918648804239809, "62": 0.004596223794495043, "63": 0.006423566491316886, "64": 0.011730501431374057, "65": 0.010177416065253209, "66": 0.012557238525378404, "67": 0.007975008292715743, "68": 0.009410989279082353, "69": 0.0072415091229639725, "70": 0.008365157364800264, "71": 0.00938285223687863, "72": 0.012767236311702202, "73": 0.013199595347967427, "74": 0.00916586724917569, "75": 0.01100915934606213, "76": 0.004857061248386513, "77": 0.00980243955263, "78": 0.006958114705352172, "79": 0.0070713020566191415, "80": 0.01099149480689361, "81": 0.004988912080779359, "82": 0.007573817535153443, "83": 0.007798296622852825, "84": 0.007797513006328729, "85": 0.006922838926225163, "86": 0.01411597703210352, "87": 0.015106500320266145, "88": 0.006153245318549259, "89": 0.008077083154672909, "90": 0.02073372976620887, "91": 0.012108666681873975, "92": 0.006383747640472522, "93": 0.013230867804759785, "94": 0.011885633856263417, "95": 0.00871176623696877, "96": 0.011944189147737667, "97": 0.012483348049006875, "98": 0.009820929269789225, "99": 0.011268047390361711}